-- MySQL dump 10.15  Distrib 10.0.17-MariaDB, for debian-linux-gnu (x86_64)
--
-- Host: localhost    Database: mps
-- ------------------------------------------------------
-- Server version	10.0.17-MariaDB-1~trusty

/*!40101 SET @OLD_CHARACTER_SET_CLIENT=@@CHARACTER_SET_CLIENT */;
/*!40101 SET @OLD_CHARACTER_SET_RESULTS=@@CHARACTER_SET_RESULTS */;
/*!40101 SET @OLD_COLLATION_CONNECTION=@@COLLATION_CONNECTION */;
/*!40101 SET NAMES utf8 */;
/*!40103 SET @OLD_TIME_ZONE=@@TIME_ZONE */;
/*!40103 SET TIME_ZONE='+00:00' */;
/*!40014 SET @OLD_UNIQUE_CHECKS=@@UNIQUE_CHECKS, UNIQUE_CHECKS=0 */;
/*!40014 SET @OLD_FOREIGN_KEY_CHECKS=@@FOREIGN_KEY_CHECKS, FOREIGN_KEY_CHECKS=0 */;
/*!40101 SET @OLD_SQL_MODE=@@SQL_MODE, SQL_MODE='NO_AUTO_VALUE_ON_ZERO' */;
/*!40111 SET @OLD_SQL_NOTES=@@SQL_NOTES, SQL_NOTES=0 */;

--
-- Table structure for table `b58q9dqtr_abstaff`
--

DROP TABLE IF EXISTS `b58q9dqtr_abstaff`;
/*!40101 SET @saved_cs_client     = @@character_set_client */;
/*!40101 SET character_set_client = utf8 */;
CREATE TABLE `b58q9dqtr_abstaff` (
  `ID` int(11) NOT NULL AUTO_INCREMENT,
  `board` int(11) NOT NULL,
  `user` int(11) NOT NULL,
  PRIMARY KEY (`ID`)
) ENGINE=InnoDB AUTO_INCREMENT=34 DEFAULT CHARSET=latin1;
/*!40101 SET character_set_client = @saved_cs_client */;

--
-- Dumping data for table `b58q9dqtr_abstaff`
--

LOCK TABLES `b58q9dqtr_abstaff` WRITE;
/*!40000 ALTER TABLE `b58q9dqtr_abstaff` DISABLE KEYS */;
INSERT INTO `b58q9dqtr_abstaff` VALUES (1,1,1),(22,32,90),(23,33,90),(24,34,90),(28,34,112),(29,33,112),(30,1,113),(31,1,114),(32,1,90),(33,1,112);
/*!40000 ALTER TABLE `b58q9dqtr_abstaff` ENABLE KEYS */;
UNLOCK TABLES;

--
-- Table structure for table `b58q9dqtr_boards`
--

DROP TABLE IF EXISTS `b58q9dqtr_boards`;
/*!40101 SET @saved_cs_client     = @@character_set_client */;
/*!40101 SET character_set_client = utf8 */;
CREATE TABLE `b58q9dqtr_boards` (
  `id` int(11) NOT NULL AUTO_INCREMENT,
  `type` int(2) NOT NULL,
  `location` longtext NOT NULL,
  `name` varchar(500) NOT NULL,
  PRIMARY KEY (`id`)
) ENGINE=InnoDB AUTO_INCREMENT=35 DEFAULT CHARSET=latin1;
/*!40101 SET character_set_client = @saved_cs_client */;

--
-- Dumping data for table `b58q9dqtr_boards`
--

LOCK TABLES `b58q9dqtr_boards` WRITE;
/*!40000 ALTER TABLE `b58q9dqtr_boards` DISABLE KEYS */;
INSERT INTO `b58q9dqtr_boards` VALUES (1,3,'Aberdeen','Altablue'),(29,3,'Aberdeen,Scotland','test company'),(30,2,'Aberdeen','test company 2'),(31,3,'Aberdeen,Scotland','callum\'s company'),(32,3,'Aberdeen,Scotland','callum\'s company2'),(33,2,'Aberdeen','iain\'s Outboard Company'),(34,1,'Aberdeen,Scotland','iain\'s Onboard Company');
/*!40000 ALTER TABLE `b58q9dqtr_boards` ENABLE KEYS */;
UNLOCK TABLES;

--
-- Table structure for table `b58q9dqtr_candidate`
--

DROP TABLE IF EXISTS `b58q9dqtr_candidate`;
/*!40101 SET @saved_cs_client     = @@character_set_client */;
/*!40101 SET character_set_client = utf8 */;
CREATE TABLE `b58q9dqtr_candidate` (
  `id` int(11) NOT NULL AUTO_INCREMENT,
  `location` longtext NOT NULL,
  `profile` longtext NOT NULL,
  `skills` longtext NOT NULL,
  `discipline` varchar(250) NOT NULL,
  `contact` mediumtext NOT NULL,
  `status` int(2) NOT NULL,
  `board` int(11) NOT NULL,
  `userid` int(11) NOT NULL,
  `availability` int(4) NOT NULL,
  `qualifications` longtext NOT NULL,
  `title` varchar(800) NOT NULL,
  `locationnice` varchar(500) NOT NULL,
  `phone` varchar(100) DEFAULT NULL,
  PRIMARY KEY (`id`)
) ENGINE=InnoDB AUTO_INCREMENT=1012 DEFAULT CHARSET=latin1;
/*!40101 SET character_set_client = @saved_cs_client */;

--
-- Dumping data for table `b58q9dqtr_candidate`
--

LOCK TABLES `b58q9dqtr_candidate` WRITE;
/*!40000 ALTER TABLE `b58q9dqtr_candidate` DISABLE KEYS */;
INSERT INTO `b58q9dqtr_candidate` VALUES (1006,'57.1452452,-2.0913745','s:174:\"Altablue is a people consultancy, we are all about great people which in turn means that we have a great business!<br />\n<br />\n<br />\n<br />\n<br />\n<br />\n<br />\n<br />\nTest\";','a:5:{i:0;s:10:\"recruiting\";i:1;s:10:\"resourcing\";i:2;s:7:\"finding\";i:3;s:4:\"easy\";i:4;s:6:\"skills\";}','IT&S','temp',2,33,108,40,'a:1:{i:0;O:8:\"stdClass\":3:{s:13:\"candQualTitle\";s:4:\"CIPD\";s:14:\"candQualDegree\";s:5:\"Other\";s:13:\"candQualField\";s:4:\"CIPD\";}}','Comms Manager','Aberdeen','01224777727'),(1007,'57.1452452,-2.0913745','s:5:\"sddsd\";','a:1:{i:0;s:2:\"as\";}','Accounting and Finance','temp',1,1,115,11,'','df','aberdeen','01'),(1008,'57.1452452,-2.0913745','s:107:\"Geological interpretation, data import / manipulation, exploration, development planning, fairway analysis.\";','a:8:{i:0;s:12:\"Presentation\";i:1;s:14:\"Report writing\";i:2;s:19:\"Organisation skills\";i:3;s:8:\"Training\";i:4;s:11:\"Data import\";i:5;s:10:\"Management\";i:6;s:13:\"Quality check\";i:7;s:8:\"Software\";}','Miscellaneous','temp',1,1,171,40,'a:1:{i:0;O:8:\"stdClass\":3:{s:13:\"candQualTitle\";s:27:\"Geology & Petroleum Geology\";s:14:\"candQualDegree\";s:16:\"Bachelors Degree\";s:13:\"candQualField\";s:7:\"Geology\";}}','Geologist / Data Manager','Aberdeen','07983932168'),(1009,',','s:888:\"â€¢	Semi-sub Drilling Rig Stena Spey; Intact and Damage stability analysis using Autohydro software. Operations manual (in compliance with HSE UK, IMO/Modu and DNV codes) Ballasting/Deballasting curves, VDL.<br />\nâ€¢	Deck strength assessment using STAAD Pro software, underdeck stiffening upgrade to fit the carousel loads onto an offshore DP Supply Vessel Normand Pioneer.<br />\nâ€¢	Various mobilisations and seafastening design using STAAD Pro software and AISC code. Hand calculation and shipyard engineering support during immobilizations.<br />\nâ€¢	Concept design, FEA for 35T Clump weight, rigging system.<br />\nâ€¢	Offshore surveys for structural and marine systems on Jack-upâ€™s and Semi-subâ€™s.<br />\nâ€¢	Ballast system performance analysis for a Semi-Sub as required by HSE RR387.<br />\nâ€¢	Developed spreadsheet using Mathcad for connections fatigue life analysis, DNV Code.\";','a:1:{i:0;s:128:\"Naval architecture, Marine, Surveyor, Structural, Engineer, Stability, Offshore, Onshore, Onsite,  AutoCAD, Autohydro, STAAD Pro\";}','Engineering','temp',1,1,151,40,'a:3:{i:0;O:8:\"stdClass\":3:{s:13:\"candQualTitle\";s:17:\"Diplomat Engineer\";s:14:\"candQualDegree\";s:16:\"Bachelors Degree\";s:13:\"candQualField\";s:41:\"Naval Architecture and Marine Engineering\";}i:1;O:8:\"stdClass\":3:{s:13:\"candQualTitle\";s:16:\"College Engineer\";s:14:\"candQualDegree\";s:5:\"Other\";s:13:\"candQualField\";s:31:\"Ship Construction and Equipment\";}i:2;O:8:\"stdClass\":3:{s:13:\"candQualTitle\";s:7:\"Diploma\";s:14:\"candQualDegree\";s:5:\"Other\";s:13:\"candQualField\";s:16:\"Marine Surveying\";}}','Senior Naval Architect','AB21 7HD','07794369817'),(1010,'57.135737,-2.127535','s:1:\"-\";','a:18:{i:0;s:9:\"ProSource\";i:1;s:17:\"ProSource Seismic\";i:2;s:6:\"Finder\";i:3;s:5:\"LogDB\";i:4;s:17:\"GeoFrame Charisma\";i:5;s:6:\"Petrel\";i:6;s:4:\"Unix\";i:7;s:5:\"Linux\";i:8;s:12:\"Arc Explorer\";i:9;s:15:\"ArcGIS Explorer\";i:10;s:9:\"MS Office\";i:11;s:5:\"Excel\";i:12;s:7:\"Outlook\";i:13;s:10:\"PowerPoint\";i:14;s:14:\"ProSource logs\";i:15;s:3:\"SQL\";i:16;s:7:\"Spanish\";i:17;s:7:\"English\";}','Production','temp',1,1,181,35,'a:1:{i:0;O:8:\"stdClass\":3:{s:13:\"candQualTitle\";s:7:\"GEOLOGY\";s:14:\"candQualDegree\";s:16:\"Bachelors Degree\";s:13:\"candQualField\";s:0:\"\";}}','-','Aberdeen,Scotland','+447518824527'),(1011,'57.0606522,-2.1296641','s:668:\"Managed all matters relating to system operations and facilities on behalf of the Brent System Owners, ensured all parties complied with the terms of the Brent System Operating Agreement.<br />\n<br />\n<br />\n<br />\nLiaised with joint venture partners, infrastructure owners, host fields, regulators and industry bodies as required in the implementation and development of commercial agreements.<br />\n<br />\n<br />\n<br />\nAdvised and managed commercial and contractual obligations of existing agreements, including but not limited to joint operating agreements, construction and tie-in agreements, transportation and processing agreements and product sales agreements.\";','a:10:{i:0;s:12:\"Negotiation,\";i:1;s:15:\"Joint Ventures,\";i:2;s:14:\"Product Sales,\";i:3;s:26:\"Oil &  Gas Infrastructure,\";i:4;s:28:\"Transportation & Processing,\";i:5;s:22:\"Commercial Operations,\";i:6;s:25:\"Information Presentation,\";i:7;s:18:\"Analytical Skills,\";i:8;s:15:\"Report Writing,\";i:9;s:24:\"Relationship Management,\";}','Commercial','temp',1,1,142,38,'a:1:{i:0;O:8:\"stdClass\":3:{s:13:\"candQualTitle\";s:26:\"BA (Hons) Business Studies\";s:14:\"candQualDegree\";s:16:\"Bachelors Degree\";s:13:\"candQualField\";s:30:\"2:1 BA (Hons) Business Studies\";}}','Seeking new opportunity (former Brent System Manager)','Aberdeen','+447876511739');
/*!40000 ALTER TABLE `b58q9dqtr_candidate` ENABLE KEYS */;
UNLOCK TABLES;

--
-- Table structure for table `b58q9dqtr_changeLog`
--

DROP TABLE IF EXISTS `b58q9dqtr_changeLog`;
/*!40101 SET @saved_cs_client     = @@character_set_client */;
/*!40101 SET character_set_client = utf8 */;
CREATE TABLE `b58q9dqtr_changeLog` (
  `ID` int(11) NOT NULL AUTO_INCREMENT,
  `user` int(11) NOT NULL,
  `changelog` longtext NOT NULL,
  PRIMARY KEY (`ID`)
) ENGINE=InnoDB DEFAULT CHARSET=latin1;
/*!40101 SET character_set_client = @saved_cs_client */;

--
-- Dumping data for table `b58q9dqtr_changeLog`
--

LOCK TABLES `b58q9dqtr_changeLog` WRITE;
/*!40000 ALTER TABLE `b58q9dqtr_changeLog` DISABLE KEYS */;
/*!40000 ALTER TABLE `b58q9dqtr_changeLog` ENABLE KEYS */;
UNLOCK TABLES;

--
-- Table structure for table `b58q9dqtr_fillstats`
--

DROP TABLE IF EXISTS `b58q9dqtr_fillstats`;
/*!40101 SET @saved_cs_client     = @@character_set_client */;
/*!40101 SET character_set_client = utf8 */;
CREATE TABLE `b58q9dqtr_fillstats` (
  `ID` int(11) NOT NULL AUTO_INCREMENT,
  `jobId` int(11) NOT NULL,
  `cand` int(11) NOT NULL,
  `status` int(2) NOT NULL,
  PRIMARY KEY (`ID`)
) ENGINE=InnoDB AUTO_INCREMENT=21 DEFAULT CHARSET=latin1;
/*!40101 SET character_set_client = @saved_cs_client */;

--
-- Dumping data for table `b58q9dqtr_fillstats`
--

LOCK TABLES `b58q9dqtr_fillstats` WRITE;
/*!40000 ALTER TABLE `b58q9dqtr_fillstats` DISABLE KEYS */;
INSERT INTO `b58q9dqtr_fillstats` VALUES (3,45,1006,1),(4,45,1006,1),(5,45,1006,1),(6,41,1006,3),(7,41,1006,1),(8,41,1006,1),(9,48,1006,1),(10,48,1006,1),(11,40,1006,1),(12,42,1006,1),(13,41,1006,1),(14,39,1006,1),(15,38,1006,1),(16,38,1006,1),(17,39,1006,1),(18,39,1006,1),(19,56,1006,1),(20,56,1006,1);
/*!40000 ALTER TABLE `b58q9dqtr_fillstats` ENABLE KEYS */;
UNLOCK TABLES;

--
-- Table structure for table `b58q9dqtr_job`
--

DROP TABLE IF EXISTS `b58q9dqtr_job`;
/*!40101 SET @saved_cs_client     = @@character_set_client */;
/*!40101 SET character_set_client = utf8 */;
CREATE TABLE `b58q9dqtr_job` (
  `ID` int(11) NOT NULL AUTO_INCREMENT,
  `location` longtext NOT NULL,
  `discipline` longtext NOT NULL,
  `profile` longtext NOT NULL,
  `board` int(11) NOT NULL,
  `status` int(2) NOT NULL,
  `skills` longtext NOT NULL,
  `qualifications` longtext NOT NULL,
  `locationnice` varchar(500) NOT NULL,
  `availability` varchar(250) NOT NULL,
  `title` varchar(500) NOT NULL,
  `created` timestamp NOT NULL DEFAULT CURRENT_TIMESTAMP,
  PRIMARY KEY (`ID`)
) ENGINE=InnoDB AUTO_INCREMENT=58 DEFAULT CHARSET=latin1;
/*!40101 SET character_set_client = @saved_cs_client */;

--
-- Dumping data for table `b58q9dqtr_job`
--

LOCK TABLES `b58q9dqtr_job` WRITE;
/*!40000 ALTER TABLE `b58q9dqtr_job` DISABLE KEYS */;
INSERT INTO `b58q9dqtr_job` VALUES (37,'57.1452452,-2.0913745','IT&S','s:171:\"Altablue is a people consultancy, we are all about great people which in turn means that we have a great business! \n\n- one two three  \n\nadhkjsadjsahgd\nsjahdajshdgsajdhsagd\";',1,2,'a:1:{i:0;s:10:\"recruiting\";}','a:1:{i:0;O:8:\"stdClass\":3:{s:13:\"candQualTitle\";s:4:\"CIPD\";s:14:\"candQualDegree\";s:5:\"Other\";s:13:\"candQualField\";s:4:\"CIPD\";}}','Aberdeen','40','Comms Manager','2015-03-26 11:48:32'),(38,'57.1452452,-2.0913745','IT&S','s:1353:\"Altablue is a people consultancy, we are all about great people which in turn means that we have a great business! \n\nOur name Altablue is partially is made up from the Latin word â€œAltaâ€ meaning â€˜greatâ€™. (It also means, deep rooted, profound and grown great), which essentially reflect who we are. \n\nWe aim to provide the best service for jobseekers and companies alike within the energy market. We are based in Aberdeen with a global footprint enabling us to place candidates all over the world in either a staff or contract capacity. \n\nIn addition to the Latin definition, Alta is also German slang for â€˜Hey buddy!â€™ We also relate to this, as we are all about relationships and this is how we want your to think of us. Weâ€™re not a traditional team, we put the â€œhumanâ€ back into resourcing. We believe in honest, transparent, no-frills conversations. We will work with you to understand your needs and built a meaningful â€œgreatâ€ relationship with you. We will spend the necessary time to understand what not only inspires and motivates you, but look for ways to work with you to achieve greatness, as well as give you a new challenge so you too can have the Altablue experience of finding a rewarding career. \n\nSeeking a new challenge in the energy market? Get in touch with Altablueâ€¦ for a great, casual and honest conversation.\";',34,2,'a:1:{i:0;s:10:\"recruiting\";}','a:1:{i:0;O:8:\"stdClass\":3:{s:13:\"candQualTitle\";s:4:\"CIPD\";s:14:\"candQualDegree\";s:5:\"Other\";s:13:\"candQualField\";s:4:\"CIPD\";}}','Aberdeen','40','Comms Manager','2015-03-24 16:35:29'),(39,'57.1452452,-2.0913745','IT&S','s:1353:\"Altablue is a people consultancy, we are all about great people which in turn means that we have a great business! \n\nOur name Altablue is partially is made up from the Latin word â€œAltaâ€ meaning â€˜greatâ€™. (It also means, deep rooted, profound and grown great), which essentially reflect who we are. \n\nWe aim to provide the best service for jobseekers and companies alike within the energy market. We are based in Aberdeen with a global footprint enabling us to place candidates all over the world in either a staff or contract capacity. \n\nIn addition to the Latin definition, Alta is also German slang for â€˜Hey buddy!â€™ We also relate to this, as we are all about relationships and this is how we want your to think of us. Weâ€™re not a traditional team, we put the â€œhumanâ€ back into resourcing. We believe in honest, transparent, no-frills conversations. We will work with you to understand your needs and built a meaningful â€œgreatâ€ relationship with you. We will spend the necessary time to understand what not only inspires and motivates you, but look for ways to work with you to achieve greatness, as well as give you a new challenge so you too can have the Altablue experience of finding a rewarding career. \n\nSeeking a new challenge in the energy market? Get in touch with Altablueâ€¦ for a great, casual and honest conversation.\";',34,2,'a:1:{i:0;s:10:\"recruiting\";}','a:1:{i:0;O:8:\"stdClass\":3:{s:13:\"candQualTitle\";s:4:\"CIPD\";s:14:\"candQualDegree\";s:5:\"Other\";s:13:\"candQualField\";s:4:\"CIPD\";}}','Aberdeen','40','Comms Manager','2015-03-24 16:37:18'),(40,'57.1452452,-2.0913745','IT&S','s:1353:\"Altablue is a people consultancy, we are all about great people which in turn means that we have a great business! \n\nOur name Altablue is partially is made up from the Latin word â€œAltaâ€ meaning â€˜greatâ€™. (It also means, deep rooted, profound and grown great), which essentially reflect who we are. \n\nWe aim to provide the best service for jobseekers and companies alike within the energy market. We are based in Aberdeen with a global footprint enabling us to place candidates all over the world in either a staff or contract capacity. \n\nIn addition to the Latin definition, Alta is also German slang for â€˜Hey buddy!â€™ We also relate to this, as we are all about relationships and this is how we want your to think of us. Weâ€™re not a traditional team, we put the â€œhumanâ€ back into resourcing. We believe in honest, transparent, no-frills conversations. We will work with you to understand your needs and built a meaningful â€œgreatâ€ relationship with you. We will spend the necessary time to understand what not only inspires and motivates you, but look for ways to work with you to achieve greatness, as well as give you a new challenge so you too can have the Altablue experience of finding a rewarding career. \n\nSeeking a new challenge in the energy market? Get in touch with Altablueâ€¦ for a great, casual and honest conversation.\";',34,2,'a:1:{i:0;s:10:\"recruiting\";}','a:1:{i:0;O:8:\"stdClass\":3:{s:13:\"candQualTitle\";s:4:\"CIPD\";s:14:\"candQualDegree\";s:5:\"Other\";s:13:\"candQualField\";s:4:\"CIPD\";}}','Aberdeen','40','Comms Manager','2015-03-24 16:37:55'),(41,'57.1452452,-2.0913745','IT&S','s:1353:\"Altablue is a people consultancy, we are all about great people which in turn means that we have a great business! \n\nOur name Altablue is partially is made up from the Latin word â€œAltaâ€ meaning â€˜greatâ€™. (It also means, deep rooted, profound and grown great), which essentially reflect who we are. \n\nWe aim to provide the best service for jobseekers and companies alike within the energy market. We are based in Aberdeen with a global footprint enabling us to place candidates all over the world in either a staff or contract capacity. \n\nIn addition to the Latin definition, Alta is also German slang for â€˜Hey buddy!â€™ We also relate to this, as we are all about relationships and this is how we want your to think of us. Weâ€™re not a traditional team, we put the â€œhumanâ€ back into resourcing. We believe in honest, transparent, no-frills conversations. We will work with you to understand your needs and built a meaningful â€œgreatâ€ relationship with you. We will spend the necessary time to understand what not only inspires and motivates you, but look for ways to work with you to achieve greatness, as well as give you a new challenge so you too can have the Altablue experience of finding a rewarding career. \n\nSeeking a new challenge in the energy market? Get in touch with Altablueâ€¦ for a great, casual and honest conversation.\";',34,2,'a:1:{i:0;s:7:\"finding\";}','a:0:{}','Aberdeen','40','Communications Wiz Kid','2015-03-24 16:39:19'),(42,'57.1452452,-2.0913745','IT&S','s:1353:\"Altablue is a people consultancy, we are all about great people which in turn means that we have a great business! \n\nOur name Altablue is partially is made up from the Latin word â€œAltaâ€ meaning â€˜greatâ€™. (It also means, deep rooted, profound and grown great), which essentially reflect who we are. \n\nWe aim to provide the best service for jobseekers and companies alike within the energy market. We are based in Aberdeen with a global footprint enabling us to place candidates all over the world in either a staff or contract capacity. \n\nIn addition to the Latin definition, Alta is also German slang for â€˜Hey buddy!â€™ We also relate to this, as we are all about relationships and this is how we want your to think of us. Weâ€™re not a traditional team, we put the â€œhumanâ€ back into resourcing. We believe in honest, transparent, no-frills conversations. We will work with you to understand your needs and built a meaningful â€œgreatâ€ relationship with you. We will spend the necessary time to understand what not only inspires and motivates you, but look for ways to work with you to achieve greatness, as well as give you a new challenge so you too can have the Altablue experience of finding a rewarding career. \n\nSeeking a new challenge in the energy market? Get in touch with Altablueâ€¦ for a great, casual and honest conversation.\";',34,2,'a:1:{i:0;s:7:\"finding\";}','a:1:{i:0;O:8:\"stdClass\":3:{s:13:\"candQualTitle\";s:4:\"cipd\";s:14:\"candQualDegree\";s:5:\"Other\";s:13:\"candQualField\";s:4:\"CIPD\";}}','Aberdeen','40','Comms Guru','2015-03-24 16:41:16'),(43,'57.1452452,-2.0913745','IT&S','s:8:\"Jod disc\";',34,2,'a:1:{i:0;s:7:\"finding\";}','a:1:{i:0;O:8:\"stdClass\":3:{s:13:\"candQualTitle\";s:4:\"cipd\";s:14:\"candQualDegree\";s:5:\"Other\";s:13:\"candQualField\";s:4:\"cipd\";}}','aberdeen','40','comms','2015-03-24 21:20:19'),(44,'57.1452452,-2.0913745','IT&S','s:4:\"test\";',34,2,'a:1:{i:0;s:10:\"resourcing\";}','a:1:{i:0;O:8:\"stdClass\":3:{s:13:\"candQualTitle\";s:4:\"cipd\";s:14:\"candQualDegree\";s:5:\"Other\";s:13:\"candQualField\";s:4:\"CIPD\";}}','aberdeen','40','Comms','2015-03-25 12:59:21'),(45,'57.1452452,-2.0913745','IT&S','s:4:\"Test\";',34,2,'a:1:{i:0;s:10:\"resourcing\";}','a:1:{i:0;O:8:\"stdClass\":3:{s:13:\"candQualTitle\";s:5:\"Comms\";s:14:\"candQualDegree\";s:17:\"Associates Degree\";s:13:\"candQualField\";s:5:\"Comms\";}}','aberdeen','40','Comms Guru','2015-03-25 14:32:24'),(46,'57.1452452,-2.0913745','IT&S','s:10:\"test today\";',34,2,'a:1:{i:0;s:10:\"recruiting\";}','a:0:{}','aberdeen','40','Comms Dude','2015-03-26 09:15:06'),(47,'57.1452452,-2.0913745','IT&S','s:11:\"testing now\";',34,2,'a:1:{i:0;s:10:\"recruiting\";}','a:0:{}','aberdeen','40','comms','2015-03-26 09:16:39'),(48,'57.1452452,-2.0913745','IT&S','s:12:\"construction\";',1,2,'a:1:{i:0;s:8:\"building\";}','a:0:{}','aberdeen','23','Construction','2015-03-26 09:32:08'),(49,'57.1452452,-2.0913745','Accounting and Finance','s:1860:\"This position will report directly into the Chief Financial Officer of the company and is an excellent opportunity for an ambitious individual who is looking to develop alongside a growing enterprise. \n\nDetailed Description \n\n&bull;	Ensure the Monthly VAT and PAYE returns are submitted within the prescribed deadlines\n&bull;	Manage SAGE 50 and ensure all transactional data is processed daily\n&bull;	Attendance and participation in the monthly OPEX reviews with Technical and Operational Personnel\n&bull;	Analysing accounting data OPEX Revenues, Fuel and Relief Costs\n&bull;	Ensure that the AP Ledgers are accurate and key supplier accounts reconciled at least quarterly\n&bull;	Updating the Approved Vendors List\n&bull;	Monitoring and weekly reporting of Aged Receivables. Daily reporting of cash\n&bull;	Preparation of monthly, quarterly (consolidated with assistance ) and annual management accounts\n&bull;	Preparation in conjunction with the auditors of the annual Statutory Group Financial Statements \n&bull;	Assistance in the preparation of annual budgets and quarterly re-forecasts\n&bull;	Facilitate the annual financial audit and any other external audits\n&bull;	Financial statement analysis \n&bull;	Quarterly Consolidated Group Financial Statements for approval by CFO\n\nJob Requirements \n\n&bull;	Studying towards a qualification in Accounting\n&bull;	Degree Qualified with Accounting bias preferred \n&bull;	Previous experience in a similar role\n&bull;	Preferably experience in the Oil and Gas service sector\n&bull;	IT Literate exposure and competent with Excel, Word and PowerPoint (Microsoft)\n\nAdditional Details \n\n- Ambitious and self-motivated\n- Inquisitive\n- Personable\n- Numerate\n- Attention to detail and a completer finisher\n- Good Communication and Listening skills\n- Pragmatic\n- Capable of dealing with deadlines and arranging work load to suit\";',1,1,'a:9:{i:0;s:7:\"SAGE 50\";i:1;s:3:\"VAT\";i:2;s:4:\"PAYE\";i:3;s:6:\"Vendor\";i:4;s:10:\"AP Ledgers\";i:5;s:20:\"Financial Statements\";i:6;s:7:\"Budgets\";i:7;s:5:\"Audit\";i:8;s:10:\"Accounting\";}','a:1:{i:0;O:8:\"stdClass\":3:{s:13:\"candQualTitle\";s:10:\"Accounting\";s:14:\"candQualDegree\";s:16:\"Bachelors Degree\";s:13:\"candQualField\";s:10:\"Accounting\";}}','Aberdeen','40','Management Accountant','2015-03-26 13:39:12'),(50,'57.1452452,-2.0913745','Accounting and Finance','s:1259:\"This position predominantly involves interaction with clients online. On a day to day basis there is an expectation to utilise new technology to expand the client base and improve services.\n\nThe organisation offer a full management reporting service and provide detailed advice to individual companies that are looking to grow. They are a very innovative team and anticipate considerable growth, to double in size within the next 12 to 18 months.\n\nThey are now looking for a new Client Manager to join their team. This is an excellent opportunity for an accountant with a strong background in management accounting who excels in forging and developing strong client relationships.\n\nThe ideal candidate will have:\n&bull;	A strong overall knowledge of management accounting\n&bull;	Experience in compliance reporting\n&bull;	Experience in mentoring more junior members of the team\n&bull;	Proven record in building client relationships\n&bull;	Ability to network and grow a network\n\nPreferably this candidate will be fully qualified; however candidates with previous experience in a similar role will be considered.\n\nIt is an exciting opportunity for the right candidate; communications skills, ability to multi-task and business acumen are essential for this role.\";',1,1,'a:5:{i:0;s:10:\"Accountant\";i:1;s:20:\"Managment Accountant\";i:2;s:20:\"Client Relationships\";i:3;s:16:\"Degree Qualified\";i:4;s:14:\"New Technology\";}','a:1:{i:0;O:8:\"stdClass\":3:{s:13:\"candQualTitle\";s:11:\"Accountancy\";s:14:\"candQualDegree\";s:16:\"Bachelors Degree\";s:13:\"candQualField\";s:11:\"Accountancy\";}}','Aberdeen','38','Management Accountant (Client Management)','2015-03-26 14:34:00'),(51,'57.1452452,-2.0913745','Accounting and Finance','s:2078:\"This position will report directly into the Chief  Financial Officer of the company and is an excellent opportunity for an ambitious individual who is looking to develop alongside a growing enterprise. \n\nDetailed Description   \n  \nÂ·         Ensure the Monthly VAT and PAYE returns are submitted within the prescribed deadlines\nÂ·         Updating the Approved Vendor Lists\nÂ·         Manage SAGE 50 and ensure all transactional data is processed daily and that the month end cut off deadline is achieved\nÂ·         Attendance and participation in the monthly OPEX reviews with Technical and Operational Personnel\nÂ·         Analysing accounting data OPEX Revenues, Fuel and Relief Costs\nÂ·         Ensure that the AP Ledgers are accurate and key supplier accounts reconciled at least quarterly\nÂ·         Monitoring and weekly reporting of Aged Receivables. Daily reporting of cash\nÂ·         Preparation of monthly, quarterly (consolidated with assistance )  and annual management accounts\nÂ·         Preparation in conjunction with the auditors of the annual Statutory Group Financial Statements by March 31 each year for the previous calendar year\nÂ·         Assistance in the preparation of annual budgets and quarterly re-forecasts\nÂ·         Facilitate the annual financial audit and any other external audits\nÂ·         Financial statement analysis\nÂ·         Quarterly Consolidated Group Financial Statements for approval by CFO\n\nJob Requirements   \n   \nÂ·       Studying towards a qualification in Accounting\nÂ·         Degree Qualified with Accounting bias preferred \nÂ·         Previous experience in a similar role\nÂ·         Preferably experience in the Oil and Gas service sector\nÂ·         IT Literate exposure and competent with Excel, Word and PowerPoint (Microsoft)\n \nAdditional Details   \nÂ·         Inquisitive\nÂ·         Personable\nÂ·         Numerate\nÂ·         Attention to detail and a completer finisher\nÂ·         Good Communication and Listening skills\nÂ·         Pragmatic\nÂ·         Capable of dealing with deadlines and arranging work load to suit\";',1,2,'a:9:{i:0;s:7:\"SAGE 50\";i:1;s:3:\"VAT\";i:2;s:4:\"PAYE\";i:3;s:6:\"Vendor\";i:4;s:10:\"AP Ledgers\";i:5;s:20:\"Financial Statements\";i:6;s:7:\"Budgets\";i:7;s:5:\"Audit\";i:8;s:10:\"Accounting\";}','a:1:{i:0;O:8:\"stdClass\":3:{s:13:\"candQualTitle\";s:10:\"Accounting\";s:14:\"candQualDegree\";s:16:\"Bachelors Degree\";s:13:\"candQualField\";s:10:\"Accounting\";}}','Aberdeen','40','Management Accountant','2015-03-26 10:51:01'),(52,'57.1452452,-2.0913745','Accounting and Finance','s:1514:\"This company has a lot of online clients. On a day to day basis they are utilizing new technology to expand their client base and improve their services.\nThey offer a full management reporting service and provide detailed advice to individual companies that are looking to grow. They are a very innovative team and expecting to double in size within the next 12 â€“ 18 months.\nThey are now looking for a new Client Manager to join their team. This will be an excellent opportunity for an accountant with a strong back ground in management accounting who excels in forming and developing strong client relationships.\nJob Requirements		\nThe ideal candidate will have:\nÂ·         A strong overall knowledge of management accounting\nÂ·         Experience in compliance reporting\nÂ·         Experience in mentoring more junior members of the team\nÂ·         Proven record in building client relationships\nÂ·         Ability to network and grow a network\nÂ·         Preferably this candidate will be fully qualified; however candidates with previous experience in similar role do not need to be fully qualified\n \nIt is an exciting opportunity for the right person; communications skills, ability to multi-task and business acumen are essential for this role.\nAdditional Details		\n \n\nHow To Apply		\nPlease quote job reference IRC in all correspondence relating to this position.\nInternal applicants must discuss their application with their line manager prior to applying.\nOnline applications only - no email applications\";',1,2,'a:4:{i:0;s:10:\"Accountant\";i:1;s:20:\"Managment Accountant\";i:2;s:20:\"Client Relationships\";i:3;s:16:\"Degree Qualified\";}','a:1:{i:0;O:8:\"stdClass\":3:{s:13:\"candQualTitle\";s:11:\"Accountancy\";s:14:\"candQualDegree\";s:16:\"Bachelors Degree\";s:13:\"candQualField\";s:0:\"\";}}','Aberdeen','38','Management Accountant (Client Management)','2015-03-26 10:51:47'),(53,'57.1452452,-2.0913745','Applications','s:888:\"My role &ndash; \nPre\n&bull;	Plan proposal format\n&bull;	Facilitate the decision of a common set of question/information each person should gather so we can produce a presentation that flows in a consistent way\n&bull;	Understand the behaviours and feel for Mustang US with Comms and Employee Engagement\n&bull;	Plan stake holder focus groups\n&bull;	Ready WG and Mustang comms for the potential change\nFact-finding\n&bull;	To identify all of the stake holders that interact with the current resourcing service\n&bull;	To understand the communications needs for these stakeholders\n&bull;	To gauge how effective their current communications are and their opinion of the current resourcing process\n&bull;	To understand their current methods of attracting talent\n&bull;	To gauge how open stake holders  are to the change\n&bull;	Understand their current relationship with recruiting, any challenges\";',1,1,'a:1:{i:0;s:2:\"11\";}','a:0:{}','aberdeen','11','1','2015-03-26 13:27:56'),(54,'57.1452452,-2.0913745','Applications','s:888:\"My role &ndash; \nPre\n&bull;	Plan proposal format\n&bull;	Facilitate the decision of a common set of question/information each person should gather so we can produce a presentation that flows in a consistent way\n&bull;	Understand the behaviours and feel for Mustang US with Comms and Employee Engagement\n&bull;	Plan stake holder focus groups\n&bull;	Ready WG and Mustang comms for the potential change\nFact-finding\n&bull;	To identify all of the stake holders that interact with the current resourcing service\n&bull;	To understand the communications needs for these stakeholders\n&bull;	To gauge how effective their current communications are and their opinion of the current resourcing process\n&bull;	To understand their current methods of attracting talent\n&bull;	To gauge how open stake holders  are to the change\n&bull;	Understand their current relationship with recruiting, any challenges\";',1,1,'a:1:{i:0;s:2:\"11\";}','a:0:{}','aberdeen','11','1','2015-03-26 13:28:03'),(55,'57.1452452,-2.0913745','Applications','s:888:\"My role &ndash; \nPre\n&bull;	Plan proposal format\n&bull;	Facilitate the decision of a common set of question/information each person should gather so we can produce a presentation that flows in a consistent way\n&bull;	Understand the behaviours and feel for Mustang US with Comms and Employee Engagement\n&bull;	Plan stake holder focus groups\n&bull;	Ready WG and Mustang comms for the potential change\nFact-finding\n&bull;	To identify all of the stake holders that interact with the current resourcing service\n&bull;	To understand the communications needs for these stakeholders\n&bull;	To gauge how effective their current communications are and their opinion of the current resourcing process\n&bull;	To understand their current methods of attracting talent\n&bull;	To gauge how open stake holders  are to the change\n&bull;	Understand their current relationship with recruiting, any challenges\";',1,2,'a:1:{i:0;s:2:\"11\";}','a:0:{}','aberdeen','11','West','2015-03-26 13:28:25'),(56,'57.1452452,-2.0913745','Applications','s:888:\"My role &ndash; \nPre\n&bull;	Plan proposal format\n&bull;	Facilitate the decision of a common set of question/information each person should gather so we can produce a presentation that flows in a consistent way\n&bull;	Understand the behaviours and feel for Mustang US with Comms and Employee Engagement\n&bull;	Plan stake holder focus groups\n&bull;	Ready WG and Mustang comms for the potential change\nFact-finding\n&bull;	To identify all of the stake holders that interact with the current resourcing service\n&bull;	To understand the communications needs for these stakeholders\n&bull;	To gauge how effective their current communications are and their opinion of the current resourcing process\n&bull;	To understand their current methods of attracting talent\n&bull;	To gauge how open stake holders  are to the change\n&bull;	Understand their current relationship with recruiting, any challenges\";',1,2,'a:1:{i:0;s:2:\"11\";}','a:0:{}','aberdeen','11','West','2015-03-26 13:29:23'),(57,'57.1452452,-2.0913745','HR','s:970:\"This position is for a HR Manager on a staff basis located within Aberdeen city centre. The successful candidate will provide a high quality, effective and efficient HR Service whilst being responsible for managing a small team. \n\nThis is a hands on, operational role and responsibilities may include:\n\n&bull;	Managing firm-wide HR projects\n&bull;	Providing generalist support\n&bull;	Managing and implementing benefit provisions\n&bull;	Negotiating benefits arrangements with suppliers\n&bull;	Writing and updating policies and procedures\n&bull;	Running payroll systems\n&bull;	Employee relations\n&bull;	Recruitment\n\nIn addition to experience of the above, the following skills and experience are highly desirable:\n\n&bull;	Experience managing people in other offices\n&bull;	Cascade HR and payroll system\n&bull;	Experience providing HR MI/Analytics\n&bull;	Experience managing flexible benefits/total rewards systems\n&bull;	Experience working for a professional services form\";',1,1,'a:5:{i:0;s:7:\"Payroll\";i:1;s:8:\"Benefits\";i:2;s:7:\"Rewards\";i:3;s:17:\"Professional Firm\";i:4;s:13:\"HR Generalist\";}','a:0:{}','Aberdeen','38','HR Manager','2015-03-26 16:32:51');
/*!40000 ALTER TABLE `b58q9dqtr_job` ENABLE KEYS */;
UNLOCK TABLES;

--
-- Table structure for table `b58q9dqtr_users`
--

DROP TABLE IF EXISTS `b58q9dqtr_users`;
/*!40101 SET @saved_cs_client     = @@character_set_client */;
/*!40101 SET character_set_client = utf8 */;
CREATE TABLE `b58q9dqtr_users` (
  `id` int(11) NOT NULL AUTO_INCREMENT,
  `username` varchar(300) NOT NULL,
  `password` varchar(500) NOT NULL,
  `type` int(2) NOT NULL,
  `level` int(11) NOT NULL,
  `board` int(11) NOT NULL,
  `name` varchar(250) NOT NULL,
  `created` timestamp NOT NULL DEFAULT CURRENT_TIMESTAMP,
  `profileCreated` int(1) NOT NULL DEFAULT '1',
  PRIMARY KEY (`id`)
) ENGINE=InnoDB AUTO_INCREMENT=191 DEFAULT CHARSET=latin1;
/*!40101 SET character_set_client = @saved_cs_client */;

--
-- Dumping data for table `b58q9dqtr_users`
--

LOCK TABLES `b58q9dqtr_users` WRITE;
/*!40000 ALTER TABLE `b58q9dqtr_users` DISABLE KEYS */;
INSERT INTO `b58q9dqtr_users` VALUES (90,'callum.hopkins@alta-blue.com','$2a$08$8mSUrn7Y3yGo7.4RgEqLb.FdVV5uuMS6nDO.GP59hJySm9SHciqQ6',3,100,1,'Callum Hopkins','0000-00-00 00:00:00',1),(101,'callum.e.hopkins@gmail.com','$2a$08$eCmF2OmeYV9FNXfB6SZtiO4h7WFVj5hvMOuKvTYWSGDK8.sleBFka',2,3,29,'Callum Hopkins','2015-03-24 11:38:08',3),(102,'callum.e.hopkins+5@gmail.com','$2a$08$tZ/rHsTTxFj5ppM759.3ROpeQFsdavvddD8HiqU2zCETmFOTPQCsm',1,1,1,'test test','2015-03-24 11:44:58',1),(103,'callum.e.hopkins+1@gmail.com','$2a$08$gjOTbF2RadvP312BW4MfUuIjnfZipA6ufXEt2AshChHRXWtn4Nq26',1,1,1,'test test','2015-03-24 11:45:34',1),(104,'callum.e.hopkins+2@gmail.com','$2a$08$nF1DvX54RDBE8J04Jlxbqe6NL3oHgg1l9n9wN8aAf9yKZS3N0VaBa',2,3,30,'Callum Hopkins','2015-03-24 14:20:26',3),(105,'callum.e.hopkins+6@gmail.com','$2a$08$s9OesWsfN5uYAql8Iw6l6ORJ2/NehCql5dCDAF5NBnMOr2PuybHb2',2,3,32,'Callum Hopkins','2015-03-24 15:57:37',3),(106,'iain.hamilton@alta-blue.com','$2a$08$CZmkfM4gY06K5nJrR0SpjudxjxGMI0DRpDFsPMFo.cI5vr6awtrBC',2,3,33,'iain hamilton','2015-03-24 16:02:51',3),(107,'iain.hamilton2@alta-blue.com','$2a$08$BXEDvpaIlg77UFZ2ri18Du6Is0U6BMF.tSROLSoNzf2N7HNhwJNG.',2,3,34,'iain hamilton','2015-03-24 16:03:21',3),(108,'iain.hamilton@psnworld.com','$2a$08$/dHCXJZxiurPTs6KmB5GNe4/YgQPKHx2r7y5J5yvIKHebf6z4sRFG',1,1,33,'Iain Hamilton','2015-03-24 16:17:22',2),(109,'iain.hamilton@woogroup.com','$2a$08$S5RLfCSY0tkgNT8/g0ujxeBSv/83KGsAUCCG.Qd9bWRtUcR4yyY1m',1,1,33,'Iain2 Hamilton','2015-03-24 16:17:51',1),(110,'callum.e.hopkins+20@gmail.com','$2a$08$R7edzB.if3ur8b.Xg.1h4OAPFa2P/dAfNQX4bixWHr8.tBK40JXp2',1,1,30,'callum hopkins','2015-03-24 21:16:40',1),(112,'iainhamilton83@icloud.com','$2a$08$m.b.fhp8J4EGf46GhPFbrenTRVPBrA.8lz34ZYBB5uKcIskp7J6ry',3,99,1,'iain hamilton','2015-03-26 09:28:36',3),(113,'lauren.allen@alta-blue.com','$2a$08$zR1D2M5Fqk7EPurYPgsB8.rw1ADgoFitEhwSiQkLAoShpaWyhqeju',3,99,1,'Lauren Allen','2015-03-26 10:39:16',3),(114,'brenda.fraser@alta-blue.com','$2a$08$4EYjtDbRSJD/QaDnjtYV7uRku7jU5hRTSnC6p0hldySBM6Hpm44HG',3,99,1,'Brenda Fraser','2015-03-26 10:39:50',3),(115,'iainhamilton83@me.com','$2a$08$hSQ0gquSKotCja0oq6x2CODqpu4xEH8wI4449yeL5uiARjb9PD2Bu',1,1,1,'iain test','2015-03-26 15:45:03',2),(116,'n.williamson640@btinternet.com','$2a$08$4TmdJQQUZrpNOWxTdG6RmODH1mRxTt7Au5uSbWacmps.Yprk6Bge.',1,1,1,'Neil Williamson','2015-03-26 15:57:34',1),(117,'jnrharry@hotmail.co.uk','$2a$08$y3okoG2XzeQsIvc8mOsQNuL0v1S09I.YfKnZcJGczg200ASAsqCl.',1,1,1,'Kirsty Taylor','2015-03-26 15:57:47',1),(118,'Martthom@yahoo.com','$2a$08$ZhVy9zCSG5AW5LYEU.KSyuAlN55jk.UF9J3b5OoZRp8KStSlx.imK',1,1,1,'Martin Thom','2015-03-26 15:58:02',1),(119,'mandyule@gmail.com','$2a$08$mHPAdA6NQjmsEDqu8MQZ4.BVDNWF2SRCf.dA5L/Lh0IAJiW3dgRpu',1,1,1,'Amanda Yule','2015-03-26 15:58:18',1),(120,'karla.whyte@talktalk.net','$2a$08$2X4anA4wFCeWB5qLioNU7eNN.23ARcuBUZMJJR3f9MJmL93oLMJlO',1,1,1,'Karla Whyte','2015-03-26 15:58:32',1),(121,'rleel@hotmail.co.uk','$2a$08$SyERhEB/WPUMChge/GP77ODfqQE7BeULYMmE9Uz6U2eZHCsYh1Nz.',1,1,1,'Robert leel','2015-03-26 15:59:04',1),(122,'lvance1188@hotmail.co.uk','$2a$08$d1EZIdHV2n8qaCF2fFNPHeYqZaBaTkEOjvUsjxXXZYxuwN37c0m/.',1,1,1,'lesley vance','2015-03-26 16:02:03',1),(123,'Mccabered@aol.com','$2a$08$QRjdNw0dpqzE3Wc8wfIq.en1oDQg6imbCN6iy6Z2vtZJsG/0E8rKy',1,1,1,'Teresa McCabe','2015-03-26 16:02:17',1),(124,'Kdurward@btinternet.com','$2a$08$DABIaKlnEP7Ve0oq2dgrKeLN0DEHXm9/c9wip15oKhoFHM90ZA0X.',1,1,1,'Kathleen durward','2015-03-26 16:02:30',1),(125,'ianbodman@hotmail.co.uk','$2a$08$r7IEXm9TiH3PxLZrcLVqCuYYO1GcmH8ZJhGjAhVdjh4ie5htncfyi',1,1,1,'Ian Bodman','2015-03-26 16:02:43',1),(126,'Philblack01@yahoo.co.uk','$2a$08$7owrOz.rfAF6TtwkFcG8De1aT3Y4RWIjBa1V5Sbre2sac0oj0Gsqu',1,1,1,'Phil Black','2015-03-26 16:02:56',1),(127,'Charis.gray@yahoo.co.uk','$2a$08$HWy/zERFEWflIGvoqeYK6emRrxUoGrpd14Xli//qtk3qSj0Gy2m6e',1,1,1,'Charis Gray','2015-03-26 16:03:18',1),(128,'ricowalks@gmail.com','$2a$08$IA/EStEoKlzO3XW17Up44egyNQ.067OuUsp5CRKbWSBZMRAaJQuKi',1,1,1,'Richard walker','2015-03-26 16:03:30',1),(129,'teaspoon2@me.com','$2a$08$PKqtvdWLoBB3UXkBZtse8OSl/pkQQUr60WpD6CpOn9hy.Mg8HucJS',1,1,1,'Tina Leigh Stirton','2015-03-26 16:03:41',1),(130,'Cstrachan50@hotmail.com','$2a$08$YJFJO9c.SM8fnQnNQL2lyu/XdKk6X69WcLZtH0jbBx3YtR4hVwyze',1,1,1,'Christine Strachan','2015-03-26 16:03:52',1),(131,'keith.richard.elliott@gmail.com','$2a$08$8ScgFKFwwvlFHAmF5UCZEOHphywiM7/gINfIWHSYI4GvmMiAEfCOq',1,1,1,'Keith Elliott','2015-03-26 16:04:04',1),(132,'Lindadonachie@hotmail.com','$2a$08$kbn8aA9SJcIsomwYaz7cGeutZf/kt9ehlBbTfHaDLUqDTIbgSfDXe',1,1,1,'Linda Donachie','2015-03-26 16:04:16',1),(133,'Elainemreid@tiscali.co.uk','$2a$08$/z88Wap1OwSUt856hB/wSe8DA7Fx61uO1W1u.0WzsaPm7LH82DvCe',1,1,1,'Elaine Reid','2015-03-26 16:04:29',1),(134,'Kbudge24@gmail.com','$2a$08$u2L8e21YpyWfSToBH3Yt8ualzF95JkniboopGw44fJNZ2Cvu5lqyO',1,1,1,'Kimberly budge','2015-03-26 16:04:39',1),(135,'jgritchie@hotmail.com','$2a$08$GwViMhFY83S9Y/bHlYF12OmQ7SgwORolQaWAgx6NacclYXwh5kiM.',1,1,1,'Jim Ritchie','2015-03-26 16:04:51',1),(136,'Fenton.raymond@yahoo.co.uk','$2a$08$Pk8tpFrnTXKyTE.rSqoD3eNVcMMmryl5Ob6j8Fe44iiaEFviYqEki',1,1,1,'Raymond Fenton','2015-03-26 16:05:04',1),(137,'wjprentice129@hotmail.com','$2a$08$W9RdVk59FXUazyXHx86qIuL8s8reXcPRJlUpgcchm9sYs4PiXbWci',1,1,1,'William Prentice','2015-03-26 16:05:18',1),(138,'reinaldo.defreitas@hotmail.com','$2a$08$8x6dh3eD/zFm04MskTxMqeXm8dslPMudBpO13g8rAK/0M34Xwp3tu',1,1,1,'Reinaldo De Freitas','2015-03-26 16:05:28',1),(139,'bruce_elder@outlook.com','$2a$08$xHE/jH2/ZB..FRe3CWdpKuQ7wvcSJYKXdtKVYnD5yV1WuLSBfRI7.',1,1,1,'Bruce elder','2015-03-26 16:05:43',1),(140,'dodiver@gmail.com','$2a$08$m96.gqDZc9drbJJAjmHgpujC35ZXrtkbg1UNygdaOoUts6PWdYBVS',1,1,1,'George Murdoch','2015-03-26 16:05:55',1),(141,'Sue0772@hotmail.co.uk','$2a$08$/f5Il/qmSF2fCvo8JhAXSe2Y.WzMtY1MFUnNZIi.3OShYIQwik8xy',1,1,1,'Susan Buyers','2015-03-26 16:06:16',1),(142,'mironside1974@gmail.com','$2a$08$XyWxyn/K6NXTUsQx7/C3xOkxZf69cAK3l5cb.yFRPvMa8uYeORiym',1,1,1,'Mark Ironside','2015-03-26 16:06:28',2),(143,'Kevinmorice@ymail.com','$2a$08$tmUIqcPrcMoyKPGV5LMT3.F13/wMl2qZyAjgf2.IFyjzRAdzqQi1K',1,1,1,'Kevin morice','2015-03-26 16:06:38',1),(144,'ozone4oz@gmail.com','$2a$08$kNYaqs7p.lH87KZPIc6Queazns6rUqkNBe9Eoqmvei4f4tPKC9yXC',1,1,1,'Chukwuebuka Ozugha','2015-03-26 16:06:49',1),(145,'mmm_jaffacakes@hotmail.com','$2a$08$/YuQh/DF5YgZQrpE1/gLOuqYMGTSezvoyq.U42N0TmmJBgQqYkjKC',1,1,1,'Kelly Lamb','2015-03-26 16:07:08',1),(146,'k_mac069@hotmail.com','$2a$08$proAivjHD5aEHaxZKOHTEeO5KckK29VzTffST/y.ORTfB5./zaA8O',1,1,1,'Kyle Macdonald','2015-03-26 16:07:30',1),(147,'Kkm1992@hotmail.com','$2a$08$rTkDHErWwuifM0hEDWXi4.YX750XBLQ.A6R4NupBJbsSq2GCndDzG',1,1,1,'Kirsty Munro','2015-03-26 16:07:40',1),(148,'jorgeromeroh@outlook.com','$2a$08$T2eTJsN1ce.3khNh1AzJBeGBT7Kzn6s4dBwfahVg7Gz2MD0XW2bF2',1,1,1,'Jorge Romero Hernandez','2015-03-26 16:07:50',1),(149,'ricardobarrera2003@yahoo.com','$2a$08$UBLq5b4wPbS19zdvteopJe0xb20G8yMspixRH9N42JbUWUnd9V/Iu',1,1,1,'Ricardo Barrera','2015-03-26 16:08:01',1),(150,'gavin.mclennan1977@hotmail.com','$2a$08$kRUTU1fpqqTJ0GQLw1Mb5Of6.OxycJlxB5EHeOJfGsfkV2Nuo9MS2',1,1,1,'Gavin McLennan','2015-03-26 16:08:11',1),(151,'Siboboc@gmail.com','$2a$08$4yiozarI5UIJ.vCMgsNp4ujE4Npc/qJz05Oh5bvDI6L.PClMEglMO',1,1,1,'Stelian','2015-03-26 16:08:22',2),(152,'Sifaurahman@yahoo.com','$2a$08$hCwTCv469Hcf8daEwAxjWuVcUBqoFKpHCqw/VEMsLGKBuG6c1llH6',1,1,1,'Rahmat Sifaurahman','2015-03-26 16:08:34',1),(153,'duffy-brian2@sky.com','$2a$08$Yj9vohOqt8HME.MCexVaN.1uo/vB77UYX6F1FLYAbrla3NZ9LhQhe',1,1,1,'Brian','2015-03-26 16:08:47',1),(154,'taz1314uk@hotmail.com','$2a$08$H9ebAvSSK5BpfLqPlJJBMOooAP4u9BU2FSrL4LWXU6T/txlcMv0bK',1,1,1,'kevin hepburn','2015-03-26 16:09:05',1),(155,'Amjidrahman@hotmail.com','$2a$08$xMTMd6vJvw9CthQ5DCmbXOpO95mOgT7LH6atzulxHQc4OFLkpZN.W',1,1,1,'Amjid Rahman','2015-03-26 16:09:17',1),(156,'Scottwyllie@hotmail.com','$2a$08$DPwEyi0d0bYtc7Wf9KtfJe7URrxSQDoKpiWCbKWnsIiJPiuZbPAkC',1,1,1,'Scott Wyllie','2015-03-26 16:09:28',1),(157,'Fatimi.bell16@yahoo.co.uk','$2a$08$y6bpm9QYcJ71CdSRO.8CTeL2UM/.Me9w6bPaq2ogrqZvfFzLKtW3u',1,1,1,'M.Fatima','2015-03-26 16:09:41',1),(158,'iska.walter@hotmail.com','$2a$08$npCwWeWS.klvPCy/CnMptetWjQqo8UAzqs12VRgLwffoheMeiaGNK',1,1,1,'Iska Walter','2015-03-26 16:09:57',1),(159,'Carolinethompson1@btinternet.com','$2a$08$mPLFsuMnG.Qa1q2TDVE0uOUY4Q7E1QVBWTfX7NAlNfQMy44oE..CW',1,1,1,'Caroline Thompson','2015-03-26 16:10:08',1),(160,'kennyduncanltd@aol.com','$2a$08$6okQsQ4S0Hrz/s7yB7n2YOmxzsOm8LKLfodI/4o74atOWcXtw24.W',1,1,1,'kenny duncan','2015-03-26 16:10:22',1),(161,'ross-family@hotmail.co.uk','$2a$08$KrZdaSKaD.7A5igotf0NtuSfhUC6WUR..PMs3SqE1YoxGdqAOC7Vm',1,1,1,'Donald Ross','2015-03-26 16:10:33',1),(162,'Scunningham_951@icloud.com','$2a$08$j/EDQbvBpIS8Zis2eUbmLurZM4VTq9tNnWFqOIh7sNyWHeMp.hUSa',1,1,1,'Scott Cumningham','2015-03-26 16:10:45',1),(163,'tazzayates@hotmail.com','$2a$08$snhPimjupkX2A.uiblZJhelbWM5dQ7MEvOfQ/w56F0kuT24vic172',1,1,1,'Taylor Yates','2015-03-26 16:10:55',1),(164,'coulldave@hotmail.com','$2a$08$s8dnW48NSdjy519utiwlXuhT.1Dx8/EMLhISrtPzIqdiCmUIbcTUa',1,1,1,'David Coull','2015-03-26 16:11:07',1),(165,'Leeb0147@aol.com','$2a$08$.pWz5xODdOjbAJL/9TApce2xaK3gplElQsRXfU/4d45oKeM1l2bz2',1,1,1,'Lee Paterson','2015-03-26 16:11:19',1),(166,'andersonr@talktalk.net','$2a$08$jhqSaLDqmmm3WyQB5zZkQ.x/atG9SGJQF/H4kaSICMemF7S1ozvvO',1,1,1,'Ruairidh Anderson','2015-03-26 16:11:30',1),(167,'raph_friday@yahoo.com','$2a$08$fNC6SEQ4E8EeFfCf6YBCFeFLdGD0oxFJ.EFzvRCxOoioYUBDHOie.',1,1,1,'Raphael Opotu','2015-03-26 16:11:43',1),(168,'hondo.22@hotmail.com','$2a$08$7CiJPWxQZANEF5GB4piBc.7oeIfiUfpEAHh6G7Dd9fOp5t9FVO.9y',1,1,1,'Greig Mackay','2015-03-26 16:11:54',1),(169,'smclellan@clara.net','$2a$08$zeimgk.UkyxmahW8FG2vkOBSp4TCxb3ozNXvvRG1XOCjMLxYGHCam',1,1,1,'Steve McLellan','2015-03-26 16:12:05',1),(170,'Marcs.mail@icloud.com','$2a$08$fvE3CzQioft7bH5caYyru.xIry7mSvDz7mye0hmQ1pfoEA.md0O22',1,1,1,'Marc Taylor','2015-03-26 16:12:14',1),(171,'iainp.greig@gmail.com','$2a$08$OVnvoKNhsrZZVB1BDphBZOLcTuaqwOeCmksZgnch3dOBV7sBeLKqm',1,1,1,'Iain Greig','2015-03-26 16:12:26',2),(172,'mark.fyfe74@outlook.com','$2a$08$lLs5nFvUDzXTZizYKTmtSupcU2W2Doch885mhV1FNiaH5RzGuFhDO',1,1,1,'mark fyfe','2015-03-26 16:12:38',1),(173,'MCKENZIEKATE888@GMAIL.COM','$2a$08$UC/SEuw6bkmlFWWodp8Re.xcr1SwsUWSTa6luWby9DXx8qz/EeDES',1,1,1,'CAROLE MCKENZIE','2015-03-26 16:12:54',1),(174,'Greig260@hotmail.com','$2a$08$DAKgI30j0O2WElEJOmM/Ru52ZXd.cTpf65NaJgWJMB3ej.p2ouOSK',1,1,1,'Greig Rolloc','2015-03-26 16:13:05',1),(175,'michaelcharles302@yahoo.co.uk','$2a$08$uwV/09/Wpv6jfd0npA/zoenigBLiWpc5BC7UAaJrpSHleGmgNN7ra',1,1,1,'michael charles','2015-03-26 16:13:15',1),(176,'Glen.hearfield@btinternet.com','$2a$08$dhsZf/4z0vb9dcJTFsue4uhoQskFqpFcaS7WflouLqdgINcJQR/BW',1,1,1,'Glen Hearfield','2015-03-26 16:13:25',1),(177,'l-kaminski@sky.com','$2a$08$mmgY0z70wx/9MiWgqCir7OTKHKTcawKSdci9GRkwNAHw0FXgRS3SK',1,1,1,'Lenny Kaminski','2015-03-26 16:13:35',1),(178,'sand.sangsrter@gmail.com','$2a$08$IpM1rJskuYKBgAp.Hc06o.LamF9NW.3Af.CvT8.6XytMWnzPvVHNm',1,1,1,'Sandra Sangster','2015-03-26 16:13:51',1),(179,'Roger_rwa@hotmail.com','$2a$08$W6lxdE.rAg2K4S2OwYwSheHMgN/7t/weTJ985/4Fjm1MqWXrBAoIy',1,1,1,'Roger De Albuquerque','2015-03-26 16:14:02',1),(180,'callum001.mitchell@tiscali.co.uk','$2a$08$SnHtCmrSWBsD1aoAbaQcKu8LQlRlAVFMZMFO2d.d8vjtO1RjJKC2G',1,1,1,'Callum Mitchell','2015-03-26 16:14:17',1),(181,'alba.arjona@gmail.com','$2a$08$XbV3EtOaz8XcEILlWSF1Q.li4O04BKc6G0ZbqO8oUJFrE4ckJ4Vni',1,1,1,'Alba Arjona','2015-03-26 16:14:31',2),(182,'mark.sambrook@hotmail.co.uk','$2a$08$PHJWHWeWyn81j13dNBrlluwZXMMaGPN5OeR/rO0fkO.GQUEEuGp3O',1,1,1,'Mark Sambrook','2015-03-26 16:14:43',1),(183,'mirjamvandalen@hotmail.com','$2a$08$6w/A9zvumCBOHJcEeloLDeX1YIkuYLBIR7jD6X6ZCz/wjge9/Lq2q',1,1,1,'Mirjam van Dalen','2015-03-26 16:14:53',1),(184,'robert.pool2@btinternet.com','$2a$08$UOrQJ/re8CynMBuKIrZZge2kmYzY/fsbkVdEoLUSx6oqJmI8FkQT.',1,1,1,'Robert Pool','2015-03-26 16:15:05',1),(185,'robggibb@hotmail.co.uk','$2a$08$Czrv9Lig9cE9QK7Gho3LjOTpuSO8E9RXWkO5PjBh2LvfTlZxKl5P.',1,1,1,'Robert','2015-03-26 16:15:17',1),(186,'oluwole_ayodele@yahoo.com','$2a$08$Y0WAnaS84Av6Gj0bUE6MFO3WmRmJa9TVwCGFfAtdJut9sZgado3vW',1,1,1,'WOLE AYODELE','2015-03-27 11:01:57',1),(187,'callum.e.hopkins+10@gmail.com','$2a$08$2m286wboThCqwN1jo14Y5eakZg9HLe5tdArcK6YfFeJM9uAqxDAPu',1,1,1,'callum test hopkins','2015-03-27 12:58:38',1),(188,'info@alta-blue.com','$2a$08$vDUeuU/zQEvLKME12gEsH.APnIOq0EwcM/fqoFt0edDyYHyvv3We6',1,1,1,'Iain J','2015-03-27 12:59:30',1),(189,'callum.e.hopkins+11@gmail.com','$2a$08$G2KSLz1EFW1ieLsMxAoo1Ox8EYK8IMf./lrNg3h0eLNkmC/xPSBzm',1,1,1,'callum test hopkins 2','2015-03-27 17:24:20',1),(190,'callum.e.hopkins+12@gmail.com','$2a$08$gb0V/LYfBVLQKgwuwfak5.wCYrx4WVgh25LBjinkyEXXBA.YBKJWi',1,1,1,'callum test hopkins 3','2015-03-27 17:26:04',1);
/*!40000 ALTER TABLE `b58q9dqtr_users` ENABLE KEYS */;
UNLOCK TABLES;
/*!40103 SET TIME_ZONE=@OLD_TIME_ZONE */;

/*!40101 SET SQL_MODE=@OLD_SQL_MODE */;
/*!40014 SET FOREIGN_KEY_CHECKS=@OLD_FOREIGN_KEY_CHECKS */;
/*!40014 SET UNIQUE_CHECKS=@OLD_UNIQUE_CHECKS */;
/*!40101 SET CHARACTER_SET_CLIENT=@OLD_CHARACTER_SET_CLIENT */;
/*!40101 SET CHARACTER_SET_RESULTS=@OLD_CHARACTER_SET_RESULTS */;
/*!40101 SET COLLATION_CONNECTION=@OLD_COLLATION_CONNECTION */;
/*!40111 SET SQL_NOTES=@OLD_SQL_NOTES */;

-- Dump completed on 2015-03-30  7:54:58
